date,cpi_annual_pct,bank_rate_pct,construction_opi_index,construction_opi_annual_pct
1989-01-01,4.9,,,
1989-02-01,5.0,,,
1989-03-01,5.0,,,
1989-04-01,5.3,,,
1989-05-01,5.3,,,
1989-06-01,5.2,,,
1989-07-01,5.2,,,
1989-08-01,5.0,,,
1989-09-01,5.2,,,
1989-10-01,5.5,,,
1989-11-01,5.5,,,
1989-12-01,5.5,,,
1990-01-01,5.7,,,
1990-02-01,5.9,,,
1990-03-01,6.0,,,
1990-04-01,6.4,,,
1990-05-01,6.8,,,
1990-06-01,6.9,,,
1990-07-01,6.8,,,
1990-08-01,7.7,,,
1990-09-01,8.1,,,
1990-10-01,8.1,,,
1990-11-01,7.8,,,
1990-12-01,7.6,,,
1991-01-01,7.1,,,
1991-02-01,7.0,,,
1991-03-01,6.9,,,
1991-04-01,8.4,,,
1991-05-01,8.2,,,
1991-06-01,8.4,,,
1991-07-01,8.3,,,
1991-08-01,7.9,,,
1991-09-01,7.1,,,
1991-10-01,6.8,,,
1991-11-01,7.1,,,
1991-12-01,7.2,,,
1992-01-01,7.0,,,
1992-02-01,6.9,,,
1992-03-01,7.1,,,
1992-04-01,4.7,,,
1992-05-01,4.3,,,
1992-06-01,3.8,,,
1992-07-01,3.6,,,
1992-08-01,3.0,,,
1992-09-01,3.0,,,
1992-10-01,2.9,,,
1992-11-01,2.6,,,
1992-12-01,2.6,,,
1993-01-01,2.2,,,
1993-02-01,2.4,,,
1993-03-01,2.5,,,
1993-04-01,2.5,,,
1993-05-01,2.5,,,
1993-06-01,2.4,,,
1993-07-01,2.6,,,
1993-08-01,2.9,,,
1993-09-01,3.1,,,
1993-10-01,2.6,,,
1993-11-01,2.3,,,
1993-12-01,2.4,,,
1994-01-01,2.7,,,
1994-02-01,2.5,,,
1994-03-01,2.2,,,
1994-04-01,2.0,,,
1994-05-01,2.0,,,
1994-06-01,2.0,,,
1994-07-01,1.7,,,
1994-08-01,1.9,,,
1994-09-01,1.5,,,
1994-10-01,1.5,,,
1994-11-01,1.8,,,
1994-12-01,2.0,,,
1995-01-01,2.4,,,
1995-02-01,2.4,,,
1995-03-01,2.6,,,
1995-04-01,2.3,,,
1995-05-01,2.5,,,
1995-06-01,2.6,,,
1995-07-01,2.7,,,
1995-08-01,2.6,,,
1995-09-01,3.0,,,
1995-10-01,2.9,,,
1995-11-01,2.8,,,
1995-12-01,3.0,,,
1996-01-01,2.6,,,
1996-02-01,2.7,,,
1996-03-01,2.6,,,
1996-04-01,2.5,,,
1996-05-01,2.3,,,
1996-06-01,2.3,,,
1996-07-01,2.2,,,
1996-08-01,2.3,,,
1996-09-01,2.3,,,
1996-10-01,2.5,,,
1996-11-01,2.6,,,
1996-12-01,2.3,,,
1997-01-01,2.1,,,
1997-02-01,1.9,,,
1997-03-01,1.7,,,
1997-04-01,1.6,,,
1997-05-01,1.6,,,
1997-06-01,1.7,,,
1997-07-01,2.0,,,
1997-08-01,2.0,,,
1997-09-01,1.8,,,
1997-10-01,1.9,,,
1997-11-01,1.9,,,
1997-12-01,1.7,,,
1998-01-01,1.5,,,
1998-02-01,1.6,,,
1998-03-01,1.7,,,
1998-04-01,1.8,,,
1998-05-01,2.0,,,
1998-06-01,1.7,,,
1998-07-01,1.4,,,
1998-08-01,1.3,,,
1998-09-01,1.4,,,
1998-10-01,1.4,,,
1998-11-01,1.4,,,
1998-12-01,1.6,,,
1999-01-01,1.6,,,
1999-02-01,1.4,,,
1999-03-01,1.7,,,
1999-04-01,1.5,,,
1999-05-01,1.3,,,
1999-06-01,1.3,,,
1999-07-01,1.3,,,
1999-08-01,1.2,,,
1999-09-01,1.2,,,
1999-10-01,1.1,,,
1999-11-01,1.2,,,
1999-12-01,1.1,,,
2000-01-01,0.8,,,
2000-02-01,0.9,,,
2000-03-01,0.6,,,
2000-04-01,0.6,,,
2000-05-01,0.5,,,
2000-06-01,0.8,,,
2000-07-01,0.9,,,
2000-08-01,0.6,,,
2000-09-01,1.0,,,
2000-10-01,1.0,,,
2000-11-01,1.1,,,
2000-12-01,0.8,,,
2001-01-01,0.9,,,
2001-02-01,0.8,,,
2001-03-01,0.9,,,
2001-04-01,1.2,,,
2001-05-01,1.7,,,
2001-06-01,1.7,,,
2001-07-01,1.4,,,
2001-08-01,1.8,,,
2001-09-01,1.3,,,
2001-10-01,1.2,,,
2001-11-01,0.8,,,
2001-12-01,1.1,,,
2002-01-01,1.6,,,
2002-02-01,1.5,,,
2002-03-01,1.5,,,
2002-04-01,1.4,,,
2002-05-01,0.8,,,
2002-06-01,0.6,,,
2002-07-01,1.1,,,
2002-08-01,1.0,,,
2002-09-01,1.0,,,
2002-10-01,1.4,,,
2002-11-01,1.5,,,
2002-12-01,1.7,,,
2003-01-01,1.3,,,
2003-02-01,1.6,,,
2003-03-01,1.5,,,
2003-04-01,1.4,,,
2003-05-01,1.3,,,
2003-06-01,1.1,,,
2003-07-01,1.3,,,
2003-08-01,1.4,,,
2003-09-01,1.4,,,
2003-10-01,1.4,,,
2003-11-01,1.3,,,
2003-12-01,1.3,,,
2004-01-01,1.4,,,
2004-02-01,1.3,,,
2004-03-01,1.1,,,
2004-04-01,1.1,,,
2004-05-01,1.5,,,
2004-06-01,1.6,,,
2004-07-01,1.4,,,
2004-08-01,1.3,,,
2004-09-01,1.1,,,
2004-10-01,1.2,,,
2004-11-01,1.5,,,
2004-12-01,1.7,,,
2005-01-01,1.6,,,
2005-02-01,1.7,,,
2005-03-01,1.9,,,
2005-04-01,1.9,,,
2005-05-01,1.9,,,
2005-06-01,2.0,,,
2005-07-01,2.3,,,
2005-08-01,2.4,,,
2005-09-01,2.5,,,
2005-10-01,2.3,,,
2005-11-01,2.1,,,
2005-12-01,1.9,,,
2006-01-01,1.9,,,
2006-02-01,2.0,,,
2006-03-01,1.8,,,
2006-04-01,2.0,,,
2006-05-01,2.2,,,
2006-06-01,2.5,,,
2006-07-01,2.4,,,
2006-08-01,2.5,,,
2006-09-01,2.4,,,
2006-10-01,2.4,,,
2006-11-01,2.7,,,
2006-12-01,3.0,,,
2007-01-01,2.7,,,
2007-02-01,2.8,,,
2007-03-01,3.1,,,
2007-04-01,2.8,,,
2007-05-01,2.5,,,
2007-06-01,2.4,,,
2007-07-01,1.9,,,
2007-08-01,1.8,,,
2007-09-01,1.8,,,
2007-10-01,2.1,,,
2007-11-01,2.1,,,
2007-12-01,2.1,,,
2008-01-01,2.2,,,
2008-02-01,2.5,,,
2008-03-01,2.5,,,
2008-04-01,3.0,,,
2008-05-01,3.3,,,
2008-06-01,3.8,,,
2008-07-01,4.4,,,
2008-08-01,4.7,,,
2008-09-01,5.2,,,
2008-10-01,4.5,,,
2008-11-01,4.1,,,
2008-12-01,3.1,,,
2009-01-01,3.0,,,
2009-02-01,3.2,,,
2009-03-01,2.9,,,
2009-04-01,2.3,,,
2009-05-01,2.2,,,
2009-06-01,1.8,,,
2009-07-01,1.8,,,
2009-08-01,1.6,,,
2009-09-01,1.1,,,
2009-10-01,1.5,,,
2009-11-01,1.9,,,
2009-12-01,2.9,,,
2010-01-01,3.5,,,
2010-02-01,3.0,,,
2010-03-01,3.4,,,
2010-04-01,3.7,,,
2010-05-01,3.4,,,
2010-06-01,3.2,,,
2010-07-01,3.1,,,
2010-08-01,3.1,,,
2010-09-01,3.1,,,
2010-10-01,3.2,,,
2010-11-01,3.3,,,
2010-12-01,3.7,,,
2011-01-01,4.0,,,
2011-02-01,4.4,,,
2011-03-01,4.0,,,
2011-04-01,4.5,,,
2011-05-01,4.5,,,
2011-06-01,4.2,,,
2011-07-01,4.4,,,
2011-08-01,4.5,,,
2011-09-01,5.2,,,
2011-10-01,5.0,,,
2011-11-01,4.8,,,
2011-12-01,4.2,,,
2012-01-01,3.6,,,
2012-02-01,3.4,,,
2012-03-01,3.5,,,
2012-04-01,3.0,,,
2012-05-01,2.8,,,
2012-06-01,2.4,,,
2012-07-01,2.6,,,
2012-08-01,2.5,,,
2012-09-01,2.2,,,
2012-10-01,2.7,,,
2012-11-01,2.7,,,
2012-12-01,2.7,,,
2013-01-01,2.7,,,
2013-02-01,2.8,,,
2013-03-01,2.8,,,
2013-04-01,2.4,,,
2013-05-01,2.7,,,
2013-06-01,2.9,,,
2013-07-01,2.8,,,
2013-08-01,2.7,,,
2013-09-01,2.7,,,
2013-10-01,2.2,,,
2013-11-01,2.1,,,
2013-12-01,2.0,,,
2014-01-01,1.9,0.5,100.2,3.7
2014-02-01,1.7,0.5,99.2,1.6
2014-03-01,1.6,0.5,98.7,0.8
2014-04-01,1.8,0.5,98.4,-0.3
2014-05-01,1.5,0.5,98.4,0.2
2014-06-01,1.9,0.5,99.5,0.7
2014-07-01,1.6,0.5,99.9,1.2
2014-08-01,1.5,0.5,99.1,0.9
2014-09-01,1.2,0.5,99.7,1.0
2014-10-01,1.3,0.5,99.8,1.8
2014-11-01,1.0,0.5,99.7,1.3
2014-12-01,0.5,0.5,98.6,0.5
2015-01-01,0.3,0.5,98.6,-1.6
2015-02-01,0.0,0.5,99.5,0.3
2015-03-01,0.0,0.5,100.6,2.0
2015-04-01,-0.1,0.5,99.5,1.0
2015-05-01,0.1,0.5,99.6,1.2
2015-06-01,0.0,0.5,100.0,0.5
2015-07-01,0.1,0.5,100.7,0.8
2015-08-01,0.0,0.5,100.0,1.0
2015-09-01,-0.1,0.5,100.0,0.3
2015-10-01,-0.1,0.5,100.5,0.7
2015-11-01,0.1,0.5,100.9,1.3
2015-12-01,0.2,0.5,100.1,1.6
2016-01-01,0.3,0.5,101.0,2.5
2016-02-01,0.3,0.5,101.2,1.8
2016-03-01,0.5,0.5,101.7,1.0
2016-04-01,0.3,0.5,101.7,2.3
2016-05-01,0.3,0.5,101.6,2.0
2016-06-01,0.5,0.5,102.0,2.0
2016-07-01,0.6,0.5,100.6,-0.1
2016-08-01,0.6,0.25,100.5,0.4
2016-09-01,1.0,0.25,100.5,0.5
2016-10-01,0.9,0.25,101.0,0.5
2016-11-01,1.2,0.25,101.6,0.6
2016-12-01,1.6,0.25,101.0,0.9
2017-01-01,1.8,0.25,101.2,0.2
2017-02-01,2.3,0.25,101.2,0.0
2017-03-01,2.3,0.25,100.8,-0.8
2017-04-01,2.7,0.25,100.8,-0.9
2017-05-01,2.9,0.25,101.7,0.1
2017-06-01,2.6,0.25,101.7,-0.3
2017-07-01,2.6,0.25,102.3,1.8
2017-08-01,2.9,0.25,102.6,2.1
2017-09-01,3.0,0.25,102.9,2.3
2017-10-01,3.0,0.25,102.8,1.8
2017-11-01,3.1,0.5,103.0,1.4
2017-12-01,3.0,0.5,103.3,2.3
2018-01-01,3.0,0.5,103.5,2.3
2018-02-01,2.7,0.5,103.5,2.2
2018-03-01,2.5,0.5,104.8,4.0
2018-04-01,2.4,0.5,105.1,4.3
2018-05-01,2.4,0.5,105.5,3.7
2018-06-01,2.4,0.5,105.8,4.0
2018-07-01,2.5,0.5,105.8,3.4
2018-08-01,2.7,0.75,105.6,3.0
2018-09-01,2.4,0.75,106.1,3.1
2018-10-01,2.4,0.75,106.1,3.2
2018-11-01,2.3,0.75,107.1,3.9
2018-12-01,2.1,0.75,107.0,3.6
2019-01-01,1.8,0.75,107.3,3.6
2019-02-01,1.9,0.75,108.4,4.7
2019-03-01,1.9,0.75,109.1,4.1
2019-04-01,2.1,0.75,109.8,4.5
2019-05-01,2.0,0.75,110.4,4.7
2019-06-01,2.0,0.75,112.2,6.0
2019-07-01,2.1,0.75,112.8,6.7
2019-08-01,1.7,0.75,112.9,6.9
2019-09-01,1.7,0.75,111.6,5.2
2019-10-01,1.5,0.75,110.8,4.5
2019-11-01,1.5,0.75,110.9,3.6
2019-12-01,1.3,0.75,110.9,3.6
2020-01-01,1.8,0.75,111.3,3.7
2020-02-01,1.7,0.75,111.1,2.5
2020-03-01,1.5,0.1,111.4,2.1
2020-04-01,0.8,0.1,111.5,1.5
2020-05-01,0.5,0.1,111.4,0.9
2020-06-01,0.6,0.1,111.9,-0.2
2020-07-01,1.0,0.1,112.2,-0.6
2020-08-01,0.2,0.1,112.0,-0.7
2020-09-01,0.5,0.1,112.2,0.6
2020-10-01,0.7,0.1,112.5,1.6
2020-11-01,0.3,0.1,114.7,3.4
2020-12-01,0.6,0.1,114.9,3.6
2021-01-01,0.7,0.1,115.4,3.7
2021-02-01,0.4,0.1,115.8,4.2
2021-03-01,0.7,0.1,114.2,2.5
2021-04-01,1.5,0.1,114.6,2.8
2021-05-01,2.1,0.1,115.3,3.5
2021-06-01,2.5,0.1,115.8,3.5
2021-07-01,2.0,0.1,116.3,3.7
2021-08-01,3.2,0.1,116.7,4.1
2021-09-01,3.1,0.1,117.1,4.3
2021-10-01,4.2,0.1,118.7,5.5
2021-11-01,5.1,0.1,118.5,3.3
2021-12-01,5.4,0.25,118.1,2.7
2022-01-01,5.5,0.25,119.9,3.9
2022-02-01,6.2,0.5,119.8,3.5
2022-03-01,7.0,0.75,120.7,5.7
2022-04-01,9.0,0.75,123.7,7.9
2022-05-01,9.1,1.0,133.3,15.6
2022-06-01,9.4,1.25,133.6,15.4
2022-07-01,10.1,1.25,133.5,14.8
2022-08-01,9.9,1.75,132.5,13.6
2022-09-01,10.1,2.25,133.7,14.2
2022-10-01,11.1,2.25,134.7,13.5
2022-11-01,10.7,3.0,134.7,13.6
2022-12-01,10.5,3.5,133.9,13.3
2023-01-01,10.1,3.5,135.6,13.1
2023-02-01,10.4,4.0,136.7,14.1
2023-03-01,10.1,4.25,138.0,14.3
2023-04-01,8.7,4.25,138.4,11.9
2023-05-01,8.7,4.5,138.9,4.2
2023-06-01,7.9,5.0,139.0,4.0
2023-07-01,6.8,5.0,138.7,3.9
2023-08-01,6.7,5.25,138.2,4.3
2023-09-01,6.7,5.25,136.5,2.1
2023-10-01,4.6,5.25,136.0,1.0
2023-11-01,3.9,5.25,136.9,1.6
2023-12-01,4.0,5.25,136.2,1.8
2024-01-01,4.0,5.25,136.7,0.8
2024-02-01,3.4,5.25,137.8,0.8
2024-03-01,3.2,5.25,137.7,-0.2
2024-04-01,2.3,5.25,139.9,1.1
2024-05-01,2.0,5.25,140.8,1.3
2024-06-01,2.0,5.25,140.8,1.3
2024-07-01,2.2,5.25,140.9,1.6
2024-08-01,2.2,5.0,140.8,1.9
2024-09-01,1.7,5.0,141.5,3.6
2024-10-01,2.3,5.0,142.4,4.7
2024-11-01,2.6,4.75,141.6,3.5
2024-12-01,2.5,4.75,141.1,3.6
2025-01-01,3.0,4.75,142.2,4.0
2025-02-01,2.8,4.5,142.7,3.5
2025-03-01,2.6,4.5,143.2,4.0
2025-04-01,3.5,4.5,143.6,2.6
2025-05-01,3.4,4.25,144.0,2.3
2025-06-01,3.6,4.25,143.9,2.2
2025-07-01,3.8,4.25,144.1,2.3
2025-08-01,3.8,4.0,143.9,2.2
2025-09-01,3.8,4.0,144.1,1.8
2025-10-01,3.6,4.0,144.2,1.3
2025-11-01,3.2,4.0,143.4,1.3
2025-12-01,3.4,3.75,143.6,1.8
2026-01-01,3.0,3.75,143.3,0.8
2026-02-01,3.0,3.75,143.5,0.6
2026-03-01,3.3,3.75,143.9,0.5
2026-04-01,2.8,3.75,143.9,0.5
2026-05-01,2.8,3.75,143.9,0.5
2026-06-01,2.6,3.75,143.9,0.5
2026-07-01,2.6,3.75,143.9,0.5
